,CountyID,AverageSalesPrice2019,AverageSalesPrice2020,Population 2019,Violent Crime Total 2019,Property Crime Total 2019,Population 2020,Violent Crime Total 2020,Property Crime Total 2020,Income_2019,Income_2020
0,26017.0,59150.0,64300.0,32793.0,271.0,654.0,32485.0,276.0,500.0,43554.0,47786.0
4,19179.0,77258.0,68800.0,24488.0,134.0,1009.0,24293.0,230.0,949.0,39576.0,42889.0
5,40137.0,77675.0,84600.0,22296.0,37.0,733.0,22226.0,42.0,895.0,44182.0,46027.0
9,51173.0,84708.0,90800.0,5593.0,24.0,224.0,5515.0,25.0,156.0,36800.0,40220.0
10,39039.0,86583.0,88100.0,16601.0,22.0,225.0,16576.0,25.0,235.0,41905.0,45385.0
14,54029.0,91617.0,82733.0,18296.0,11.0,88.0,18111.0,12.0,24.0,43962.0,47007.0
15,39037.0,92175.0,121067.0,2006.0,0.0,9.0,12549.0,28.0,186.0,44202.0,48088.0
16,39003.0,93283.0,95450.0,36653.0,259.0,1493.0,2154.0,0.0,22.0,43268.0,46500.0
17,26007.0,93567.0,101867.0,9901.0,58.0,159.0,9900.0,41.0,154.0,41212.0,45685.0
18,26079.0,93658.0,118733.0,2086.0,1.0,24.0,2103.0,7.0,20.0,36085.0,41545.0
19,19187.0,94758.0,83150.0,23973.0,101.0,724.0,23755.0,180.0,827.0,46562.0,48862.0
20,26009.0,95100.0,93200.0,1618.0,0.0,0.0,1613.0,0.0,0.0,48432.0,52490.0
22,19033.0,95650.0,99633.0,26976.0,176.0,789.0,26811.0,114.0,854.0,50746.0,53643.0
24,21047.0,99167.0,113200.0,30895.0,90.0,1083.0,30532.0,89.0,930.0,39298.0,42884.0
26,39023.0,100167.0,102250.0,59128.0,292.0,2992.0,58696.0,338.0,3014.0,41625.0,45363.0
27,39139.0,102117.0,96600.0,46418.0,187.0,1996.0,9002.0,26.0,128.0,40313.0,43928.0
28,55075.0,102417.0,112200.0,10569.0,11.0,184.0,10497.0,26.0,197.0,46320.0,49557.0
33,39029.0,104250.0,93233.0,11644.0,22.0,341.0,11538.0,16.0,327.0,39387.0,42771.0
35,27099.0,105908.0,112600.0,25224.0,54.0,487.0,25267.0,70.0,402.0,46221.0,50537.0
36,39047.0,106333.0,113800.0,14150.0,39.0,504.0,14076.0,38.0,377.0,40049.0,46261.0
38,26107.0,106775.0,119133.0,10389.0,26.0,135.0,10355.0,36.0,97.0,33868.0,37579.0
39,26025.0,107075.0,113267.0,60607.0,568.0,1969.0,60479.0,540.0,1569.0,40428.0,44729.0
42,19099.0,107800.0,112350.0,1736.0,1.0,3.0,15176.0,62.0,247.0,43692.0,46473.0
44,47171.0,108900.0,139300.0,5826.0,30.0,89.0,5901.0,14.0,67.0,37152.0,39357.0
45,37157.0,109117.0,116800.0,14773.0,88.0,513.0,14799.0,87.0,430.0,38057.0,40672.0
46,26021.0,109900.0,116233.0,11106.0,86.0,366.0,11102.0,74.0,328.0,48231.0,52395.0
48,5033.0,110717.0,137267.0,23800.0,117.0,752.0,23779.0,124.0,701.0,33837.0,35919.0
51,47133.0,113542.0,80533.0,4014.0,12.0,65.0,4046.0,13.0,82.0,34877.0,37105.0
52,39091.0,113683.0,130733.0,13145.0,25.0,202.0,13240.0,9.0,184.0,44189.0,48471.0
56,36023.0,114425.0,129967.0,18655.0,55.0,325.0,18615.0,49.0,514.0,41412.0,45776.0
57,39119.0,115383.0,118933.0,25346.0,89.0,1071.0,25136.0,81.0,874.0,42506.0,46070.0
58,47077.0,115792.0,123550.0,7723.0,45.0,238.0,7915.0,29.0,202.0,37241.0,39940.0
59,45031.0,115892.0,133533.0,7524.0,108.0,668.0,7519.0,88.0,450.0,39085.0,41928.0
60,21235.0,116233.0,135400.0,7255.0,9.0,133.0,7190.0,8.0,141.0,34331.0,38256.0
62,19127.0,116342.0,123750.0,27002.0,105.0,674.0,26564.0,128.0,470.0,43722.0,47696.0
65,37111.0,118525.0,102100.0,7837.0,12.0,419.0,7861.0,15.0,439.0,35086.0,37858.0
67,26051.0,119583.0,127667.0,2880.0,18.0,48.0,2887.0,20.0,40.0,37307.0,40772.0
68,39069.0,120017.0,111300.0,8188.0,23.0,186.0,8148.0,19.0,225.0,46216.0,50752.0
69,55031.0,120483.0,110500.0,25967.0,72.0,1101.0,25845.0,48.0,1011.0,44251.0,45962.0
70,5071.0,120492.0,112300.0,9813.0,29.0,240.0,9829.0,33.0,247.0,28774.0,30728.0
71,40147.0,120600.0,120233.0,36502.0,111.0,1145.0,36183.0,88.0,1144.0,59436.0,58010.0
72,26149.0,120667.0,125833.0,10779.0,44.0,310.0,10831.0,73.0,260.0,39092.0,43818.0
73,20209.0,121633.0,138000.0,7850.0,20.0,150.0,4503.0,27.0,134.0,34371.0,36961.0
74,5131.0,122058.0,135700.0,88041.0,863.0,5127.0,88071.0,1031.0,4871.0,43310.0,45586.0
75,29091.0,122367.0,131700.0,12284.0,52.0,709.0,12331.0,48.0,641.0,35152.0,37414.0
77,37195.0,122892.0,135567.0,49344.0,220.0,1545.0,49486.0,270.0,1439.0,40260.0,43111.0
78,21167.0,123200.0,149267.0,8509.0,9.0,115.0,8553.0,9.0,127.0,37891.0,41025.0
79,26101.0,123258.0,154800.0,6103.0,23.0,99.0,6103.0,22.0,112.0,40663.0,44382.0
80,45085.0,123525.0,143867.0,39546.0,418.0,1796.0,39542.0,491.0,1459.0,39812.0,43003.0
81,48099.0,123542.0,135600.0,32693.0,129.0,691.0,33333.0,144.0,712.0,35551.0,38222.0
82,40153.0,123542.0,120433.0,12195.0,31.0,253.0,12143.0,31.0,312.0,38420.0,40710.0
85,19183.0,125125.0,114533.0,7315.0,48.0,132.0,7227.0,44.0,155.0,60857.0,59565.0
86,13153.0,125242.0,135100.0,76623.0,420.0,3609.0,78508.0,495.0,3154.0,43847.0,46579.0
90,26023.0,126108.0,128300.0,12098.0,47.0,275.0,12076.0,40.0,253.0,37942.0,42356.0
91,5145.0,126125.0,126000.0,23873.0,199.0,1042.0,23742.0,206.0,983.0,37110.0,39598.0
92,13213.0,126275.0,121050.0,917.0,0.0,14.0,903.0,0.0,4.0,31148.0,33841.0
93,39051.0,127375.0,126400.0,7428.0,14.0,142.0,7411.0,9.0,127.0,47145.0,50349.0
94,12027.0,128350.0,157133.0,8274.0,55.0,106.0,8392.0,49.0,97.0,25717.0,27863.0
95,18145.0,128592.0,132133.0,19362.0,146.0,407.0,19451.0,121.0,330.0,45153.0,48628.0
96,47185.0,128975.0,136900.0,4957.0,6.0,207.0,4960.0,6.0,149.0,34442.0,36062.0
97,48415.0,129167.0,118333.0,11161.0,160.0,226.0,11004.0,82.0,116.0,45708.0,47272.0
98,19193.0,129225.0,129950.0,82339.0,366.0,3203.0,82628.0,477.0,2682.0,44690.0,47731.0
99,18163.0,129708.0,136667.0,117700.0,721.0,4917.0,117747.0,1185.0,4252.0,47499.0,50033.0
100,47059.0,129775.0,132400.0,14881.0,50.0,521.0,14875.0,71.0,482.0,37027.0,39310.0
101,47063.0,130133.0,155300.0,30044.0,255.0,1423.0,30330.0,258.0,1290.0,38247.0,40627.0
102,19139.0,130633.0,141533.0,23823.0,47.0,320.0,23616.0,62.0,403.0,48157.0,51135.0
104,47103.0,131567.0,142733.0,7047.0,53.0,224.0,7077.0,36.0,239.0,42372.0,45271.0
106,39135.0,131833.0,137667.0,8136.0,6.0,213.0,8118.0,14.0,214.0,41302.0,45016.0
107,47113.0,131867.0,145967.0,66915.0,650.0,2473.0,67234.0,703.0,2414.0,43702.0,46574.0
108,21145.0,132625.0,153300.0,24832.0,71.0,1305.0,24850.0,85.0,993.0,48517.0,52171.0
109,9005.0,132642.0,156550.0,33972.0,36.0,372.0,33796.0,32.0,388.0,65086.0,67118.0
110,12051.0,132967.0,148267.0,8098.0,26.0,211.0,8125.0,34.0,165.0,31921.0,35546.0
111,21101.0,133050.0,138667.0,28368.0,65.0,698.0,28126.0,82.0,737.0,41329.0,44793.0
112,20169.0,133092.0,144933.0,46567.0,213.0,1726.0,407.0,0.0,0.0,50099.0,53320.0
114,55117.0,133650.0,146300.0,48035.0,172.0,783.0,47814.0,157.0,832.0,53217.0,55616.0
115,47107.0,133925.0,129700.0,13879.0,116.0,881.0,14059.0,131.0,799.0,37429.0,39986.0
116,54039.0,134008.0,156200.0,9956.0,33.0,304.0,46038.0,424.0,2122.0,49760.0,52969.0
117,5115.0,134242.0,144733.0,29446.0,140.0,897.0,29266.0,139.0,1133.0,35416.0,36617.0
120,27161.0,134700.0,155100.0,8841.0,15.0,159.0,8805.0,18.0,174.0,42148.0,47139.0
122,55073.0,135075.0,136650.0,38507.0,156.0,521.0,38492.0,174.0,560.0,52203.0,55136.0
123,39155.0,135258.0,116633.0,38012.0,212.0,1478.0,38462.0,173.0,1073.0,41559.0,45142.0
124,47163.0,135583.0,147533.0,54218.0,332.0,2829.0,54260.0,372.0,2426.0,43657.0,45789.0
125,37057.0,135650.0,156950.0,18917.0,121.0,812.0,26631.0,118.0,735.0,40647.0,43348.0
126,29157.0,135675.0,144567.0,8466.0,28.0,231.0,8526.0,30.0,207.0,42152.0,45002.0
127,39011.0,135967.0,135067.0,9717.0,2.0,137.0,9680.0,13.0,112.0,49225.0,52330.0
128,40013.0,136175.0,114367.0,18478.0,67.0,781.0,19007.0,40.0,559.0,35545.0,37561.0
131,47055.0,137358.0,138350.0,7628.0,54.0,349.0,7571.0,42.0,269.0,38704.0,41074.0
133,5005.0,137533.0,128833.0,12458.0,32.0,486.0,12582.0,32.0,384.0,37854.0,39950.0
135,39167.0,137925.0,147100.0,13547.0,17.0,192.0,13281.0,15.0,163.0,44343.0,47365.0
136,41001.0,137933.0,190900.0,9750.0,22.0,324.0,9808.0,29.0,348.0,41658.0,46277.0
137,47073.0,138383.0,133433.0,6671.0,0.0,10.0,6655.0,4.0,10.0,35014.0,37460.0
138,21021.0,139058.0,146033.0,16873.0,26.0,277.0,16826.0,16.0,284.0,39983.0,43024.0
139,20057.0,139908.0,122833.0,27314.0,129.0,613.0,27066.0,124.0,681.0,40145.0,45081.0
140,13063.0,139967.0,148600.0,20273.0,146.0,903.0,20202.0,203.0,877.0,28329.0,32702.0
142,26067.0,140942.0,139467.0,10907.0,44.0,139.0,11153.0,17.0,107.0,35503.0,39366.0
143,55069.0,141192.0,159800.0,9017.0,14.0,169.0,8984.0,12.0,143.0,47030.0,50216.0
145,26073.0,141350.0,134067.0,25315.0,48.0,384.0,24668.0,46.0,316.0,36275.0,40021.0
146,29187.0,141758.0,136767.0,19178.0,27.0,641.0,19446.0,27.0,548.0,34982.0,37377.0
147,39157.0,141867.0,140800.0,17434.0,8.0,242.0,17423.0,7.0,105.0,45039.0,47937.0
148,39123.0,141892.0,191400.0,5914.0,15.0,109.0,6159.0,13.0,66.0,54026.0,57446.0
150,26137.0,142583.0,135200.0,3709.0,14.0,186.0,3692.0,24.0,172.0,41634.0,46166.0
151,29161.0,142658.0,156200.0,20482.0,109.0,814.0,20522.0,116.0,867.0,39916.0,42030.0
152,36065.0,142958.0,129733.0,59842.0,374.0,1986.0,59483.0,298.0,2017.0,46529.0,50201.0
153,27111.0,142975.0,150350.0,13900.0,47.0,613.0,13834.0,38.0,503.0,48116.0,52707.0
154,21213.0,143083.0,139433.0,9036.0,21.0,250.0,9072.0,19.0,247.0,38943.0,42537.0
155,36083.0,143500.0,158567.0,49286.0,296.0,1365.0,49052.0,330.0,1411.0,50481.0,54748.0
157,34011.0,143892.0,145800.0,59860.0,211.0,1686.0,59288.0,227.0,1239.0,41327.0,45498.0
158,12023.0,144050.0,174350.0,12141.0,161.0,781.0,12403.0,193.0,669.0,35600.0,38243.0
159,48375.0,144150.0,157500.0,201036.0,1447.0,7835.0,200296.0,1676.0,7369.0,47610.0,49498.0
160,26123.0,144417.0,191400.0,4103.0,11.0,82.0,4077.0,8.0,61.0,38246.0,42117.0
161,37159.0,144483.0,156000.0,33877.0,249.0,1413.0,34045.0,251.0,1218.0,40714.0,43724.0
162,55005.0,144650.0,129100.0,8369.0,21.0,284.0,8526.0,41.0,210.0,49873.0,53179.0
164,13129.0,145200.0,156850.0,17069.0,51.0,369.0,17387.0,80.0,472.0,35882.0,37759.0
165,45007.0,145208.0,162233.0,4434.0,15.0,156.0,4488.0,11.0,153.0,41306.0,43459.0
166,21125.0,145225.0,151167.0,8050.0,5.0,375.0,8076.0,8.0,290.0,34265.0,37869.0
167,18091.0,145267.0,145450.0,21557.0,116.0,464.0,21515.0,70.0,457.0,43065.0,46274.0
169,26045.0,145550.0,169233.0,9088.0,28.0,175.0,9091.0,29.0,169.0,43537.0,47407.0
170,26111.0,145767.0,143833.0,41791.0,56.0,392.0,41682.0,62.0,329.0,54477.0,57561.0
171,27113.0,145775.0,154700.0,8825.0,6.0,132.0,8849.0,11.0,140.0,56612.0,61825.0
172,23011.0,145908.0,159433.0,18629.0,49.0,587.0,18653.0,75.0,617.0,46677.0,50469.0
174,12055.0,146033.0,154067.0,11008.0,57.0,481.0,10664.0,79.0,389.0,34433.0,37158.0
176,39027.0,146308.0,152100.0,12391.0,26.0,651.0,12353.0,30.0,349.0,45049.0,48542.0
177,29051.0,146350.0,153933.0,42793.0,119.0,1101.0,42653.0,109.0,821.0,48726.0,51905.0
178,4009.0,146517.0,165100.0,9916.0,21.0,363.0,2580.0,5.0,21.0,31179.0,35072.0
179,21035.0,146675.0,139033.0,19545.0,20.0,378.0,19499.0,28.0,317.0,36114.0,38629.0
181,48141.0,146875.0,155750.0,686793.0,2422.0,10378.0,685288.0,2167.0,8507.0,38771.0,41818.0
182,34005.0,147575.0,165600.0,7134.0,8.0,120.0,7114.0,14.0,122.0,63528.0,67154.0
183,55027.0,147725.0,148133.0,16375.0,27.0,260.0,16426.0,19.0,206.0,45654.0,48547.0
184,26159.0,147917.0,144067.0,4326.0,24.0,258.0,4341.0,28.0,229.0,41686.0,45869.0
186,37023.0,148475.0,152800.0,16524.0,82.0,613.0,4416.0,12.0,54.0,36022.0,38946.0
187,51009.0,148517.0,144433.0,2179.0,3.0,14.0,2174.0,1.0,13.0,37560.0,40293.0
189,47013.0,148767.0,155833.0,6651.0,52.0,339.0,6606.0,41.0,190.0,34786.0,37229.0
190,37051.0,148808.0,157133.0,209614.0,1835.0,7391.0,212033.0,2074.0,7210.0,39799.0,42992.0
191,55141.0,148858.0,154767.0,18216.0,29.0,312.0,18403.0,33.0,375.0,47911.0,50929.0
194,5085.0,149725.0,153600.0,26875.0,100.0,371.0,26593.0,102.0,372.0,40825.0,43537.0
195,40131.0,149833.0,166267.0,18786.0,23.0,495.0,18757.0,31.0,565.0,48836.0,50583.0
196,36063.0,149917.0,149400.0,47900.0,431.0,1848.0,30104.0,37.0,330.0,47053.0,51506.0
197,21049.0,150142.0,146200.0,18605.0,44.0,823.0,18570.0,43.0,790.0,40745.0,43952.0
198,55081.0,150183.0,145300.0,9823.0,15.0,87.0,9865.0,40.0,81.0,42274.0,45741.0
199,26117.0,150192.0,156867.0,8447.0,29.0,311.0,8415.0,41.0,317.0,35911.0,40018.0
200,5035.0,150417.0,151267.0,24442.0,485.0,1225.0,24205.0,607.0,1094.0,38397.0,41474.0
204,55045.0,151325.0,143867.0,10537.0,7.0,123.0,10538.0,2.0,173.0,53359.0,56620.0
206,29169.0,151783.0,161633.0,6034.0,21.0,406.0,6485.0,30.0,330.0,41866.0,44732.0
207,45077.0,152067.0,143700.0,21390.0,98.0,1098.0,21512.0,90.0,1028.0,39845.0,41770.0
208,31111.0,152133.0,158700.0,23705.0,89.0,800.0,23523.0,99.0,820.0,49610.0,54043.0
209,27169.0,152217.0,152600.0,26720.0,30.0,644.0,26487.0,45.0,683.0,48417.0,52198.0
211,39169.0,152550.0,163900.0,26615.0,110.0,738.0,26424.0,70.0,661.0,46939.0,49901.0
212,48381.0,152725.0,161600.0,16312.0,14.0,153.0,16263.0,14.0,132.0,50022.0,52391.0
213,5031.0,152975.0,161700.0,78261.0,537.0,2982.0,79702.0,642.0,2825.0,38365.0,40728.0
214,47123.0,153042.0,157533.0,5875.0,29.0,295.0,5904.0,40.0,267.0,35367.0,37822.0
215,21179.0,153058.0,162767.0,13239.0,15.0,348.0,13330.0,26.0,269.0,44101.0,47784.0
216,21005.0,153142.0,147450.0,11538.0,4.0,123.0,11565.0,6.0,86.0,40950.0,44009.0
217,40145.0,153375.0,165600.0,10016.0,23.0,135.0,10109.0,36.0,161.0,41458.0,43111.0
218,37013.0,153642.0,168333.0,9497.0,71.0,357.0,9459.0,124.0,374.0,43878.0,46363.0
219,4023.0,153825.0,183450.0,20112.0,41.0,608.0,20026.0,38.0,565.0,38274.0,42204.0
220,27017.0,154025.0,146633.0,12009.0,10.0,277.0,11995.0,15.0,238.0,44132.0,47227.0
222,47001.0,154792.0,179833.0,29084.0,112.0,671.0,29139.0,168.0,621.0,43407.0,46225.0
226,36067.0,155150.0,156967.0,142438.0,1129.0,4464.0,142011.0,1192.0,4009.0,54379.0,58919.0
227,47035.0,155192.0,162900.0,11643.0,42.0,499.0,11885.0,23.0,532.0,38091.0,40087.0
228,29077.0,155342.0,159033.0,169235.0,2571.0,13188.0,168856.0,2545.0,11738.0,45981.0,47388.0
229,22073.0,155408.0,160833.0,47746.0,843.0,3141.0,47119.0,1399.0,2883.0,42164.0,45661.0
230,47003.0,155533.0,171433.0,22062.0,183.0,667.0,22306.0,192.0,561.0,39615.0,41795.0
231,36055.0,155642.0,176167.0,205769.0,1540.0,7142.0,205199.0,1680.0,6887.0,54174.0,58299.0
232,23019.0,155933.0,158767.0,31872.0,35.0,1168.0,32179.0,51.0,1207.0,43083.0,47315.0
234,12033.0,156000.0,172633.0,52801.0,312.0,1888.0,53083.0,327.0,1543.0,44377.0,47381.0
236,9011.0,156567.0,138767.0,38964.0,149.0,533.0,38576.0,134.0,542.0,58122.0,61191.0
237,36113.0,156708.0,161750.0,14306.0,28.0,100.0,14215.0,10.0,105.0,54650.0,59509.0
238,26147.0,156717.0,175567.0,28783.0,218.0,662.0,28602.0,225.0,631.0,45787.0,50107.0
240,26121.0,157175.0,181700.0,37178.0,308.0,1293.0,36391.0,254.0,1004.0,39769.0,44000.0
241,37169.0,157408.0,154600.0,6878.0,9.0,222.0,6860.0,12.0,198.0,38775.0,41186.0
242,45055.0,157517.0,161667.0,7242.0,86.0,385.0,7264.0,88.0,357.0,43196.0,45782.0
243,28047.0,157592.0,164650.0,72383.0,236.0,3492.0,72142.0,317.0,3078.0,38245.0,41534.0
244,12083.0,157917.0,160400.0,60932.0,493.0,2548.0,61275.0,413.0,1936.0,38754.0,41553.0
246,5051.0,158100.0,193700.0,37263.0,241.0,2674.0,38893.0,287.0,2276.0,41502.0,44358.0
247,8075.0,158133.0,189400.0,13573.0,107.0,462.0,14459.0,65.0,531.0,42751.0,46217.0
248,55135.0,158300.0,168867.0,7118.0,7.0,121.0,7070.0,9.0,67.0,46735.0,49711.0
249,48215.0,158733.0,174000.0,144915.0,140.0,3595.0,144569.0,123.0,2791.0,28091.0,31153.0
250,5045.0,158758.0,172200.0,67336.0,324.0,1842.0,68599.0,359.0,1915.0,39335.0,41943.0
251,55021.0,158975.0,168933.0,10452.0,17.0,164.0,5134.0,4.0,110.0,53511.0,56134.0
252,55087.0,159292.0,176500.0,74757.0,206.0,1073.0,74255.0,198.0,1155.0,52654.0,54862.0
254,21093.0,159425.0,178533.0,30383.0,49.0,452.0,30505.0,44.0,286.0,44464.0,47873.0
255,29071.0,159458.0,164000.0,14064.0,37.0,481.0,14092.0,48.0,523.0,46258.0,48108.0
256,55105.0,159600.0,172033.0,64687.0,148.0,1577.0,64682.0,145.0,1392.0,46018.0,48836.0
257,27061.0,159633.0,141300.0,11267.0,20.0,171.0,11253.0,32.0,138.0,45348.0,48872.0
259,37093.0,159817.0,170667.0,5001.0,17.0,107.0,4990.0,20.0,138.0,32845.0,35411.0
260,45003.0,159983.0,174167.0,30922.0,178.0,1499.0,31007.0,250.0,1493.0,44503.0,47118.0
261,48231.0,160017.0,176067.0,28613.0,77.0,635.0,29209.0,62.0,493.0,40177.0,42819.0
262,41045.0,160142.0,170433.0,11044.0,82.0,673.0,10952.0,72.0,634.0,33562.0,37964.0
263,19061.0,160292.0,167600.0,57973.0,110.0,949.0,57904.0,231.0,1165.0,51329.0,54751.0
264,47031.0,160525.0,169367.0,19468.0,143.0,638.0,19664.0,139.0,527.0,40850.0,42990.0
266,51193.0,160567.0,178050.0,3593.0,11.0,48.0,3628.0,17.0,56.0,45092.0,48577.0
267,27035.0,160592.0,159900.0,13449.0,63.0,461.0,13417.0,70.0,489.0,46053.0,49092.0
269,39085.0,160767.0,165267.0,47289.0,63.0,703.0,47275.0,63.0,616.0,52811.0,56085.0
271,40113.0,161017.0,159300.0,8041.0,12.0,196.0,8135.0,22.0,206.0,36438.0,38588.0
272,27097.0,161208.0,156000.0,8669.0,7.0,199.0,8682.0,19.0,216.0,42293.0,47610.0
274,13217.0,161317.0,172233.0,2337.0,2.0,11.0,14330.0,73.0,502.0,34829.0,38256.0
275,48441.0,161708.0,164700.0,123665.0,458.0,3112.0,124061.0,514.0,2649.0,48691.0,52429.0
276,47011.0,161758.0,179267.0,45453.0,464.0,2403.0,45994.0,454.0,2312.0,40232.0,42546.0
277,26091.0,161867.0,172200.0,20334.0,140.0,477.0,20540.0,140.0,443.0,40866.0,44821.0
278,55017.0,162008.0,167667.0,14237.0,50.0,180.0,14437.0,22.0,126.0,47360.0,50639.0
279,31079.0,162175.0,169000.0,51821.0,236.0,1323.0,51547.0,216.0,1258.0,44457.0,47793.0
281,22079.0,163242.0,160800.0,46630.0,732.0,4180.0,45986.0,850.0,3317.0,46666.0,50226.0
284,16011.0,163442.0,172833.0,11938.0,42.0,253.0,12036.0,40.0,266.0,37758.0,42541.0
285,22105.0,163450.0,187067.0,7478.0,78.0,523.0,1908.0,14.0,71.0,38963.0,41792.0
286,18037.0,163575.0,174833.0,15629.0,48.0,189.0,15790.0,51.0,100.0,56927.0,59524.0
287,55111.0,163625.0,182433.0,12151.0,28.0,345.0,9549.0,9.0,120.0,53842.0,55166.0
289,23001.0,164517.0,167633.0,35865.0,107.0,716.0,36186.0,97.0,639.0,42698.0,46357.0
290,39063.0,164667.0,162167.0,41350.0,106.0,902.0,41237.0,65.0,777.0,50556.0,54386.0
291,21079.0,164700.0,138733.0,3862.0,8.0,82.0,3873.0,10.0,120.0,35501.0,38822.0
293,40027.0,164908.0,163700.0,125076.0,335.0,3267.0,126480.0,366.0,3261.0,46488.0,48042.0
294,53039.0,165050.0,178400.0,3508.0,9.0,145.0,3516.0,7.0,99.0,47985.0,51973.0
296,37049.0,165792.0,175033.0,30187.0,125.0,999.0,30047.0,190.0,930.0,45308.0,48832.0
298,55033.0,165950.0,177700.0,16573.0,36.0,280.0,16582.0,74.0,300.0,41212.0,44626.0
299,9003.0,166283.0,170433.0,122245.0,1049.0,3424.0,121749.0,1208.0,3787.0,64545.0,67938.0
300,45057.0,166542.0,186900.0,1612.0,6.0,76.0,1616.0,2.0,78.0,50584.0,52999.0
303,18097.0,167925.0,180033.0,49432.0,178.0,1087.0,890672.0,7755.0,31796.0,56383.0,59264.0
305,29031.0,168567.0,195167.0,40077.0,233.0,1432.0,40845.0,362.0,1204.0,45469.0,47386.0
306,47141.0,168817.0,182300.0,34373.0,121.0,1047.0,4584.0,8.0,97.0,40731.0,42722.0
307,28059.0,168942.0,174533.0,21610.0,56.0,1241.0,21633.0,65.0,1196.0,38663.0,41575.0
308,31119.0,168983.0,178167.0,24698.0,32.0,381.0,24467.0,29.0,318.0,51413.0,55104.0
310,37113.0,169208.0,178300.0,974.0,4.0,69.0,988.0,2.0,55.0,41654.0,44564.0
313,36093.0,170292.0,176700.0,65504.0,528.0,1770.0,65176.0,468.0,1622.0,54310.0,58210.0
314,36001.0,170325.0,174900.0,97221.0,736.0,2919.0,96318.0,869.0,2650.0,61876.0,66632.0
315,45073.0,170375.0,173533.0,8525.0,50.0,222.0,8581.0,85.0,233.0,45471.0,47511.0
316,29101.0,170400.0,189333.0,20435.0,60.0,616.0,20591.0,58.0,558.0,37654.0,40207.0
317,37011.0,170592.0,128400.0,1101.0,5.0,11.0,1160.0,0.0,7.0,36896.0,39437.0
319,29213.0,170950.0,194633.0,11688.0,73.0,1173.0,11745.0,80.0,934.0,37146.0,38859.0
320,47053.0,171033.0,193733.0,8165.0,63.0,272.0,8116.0,62.0,217.0,39528.0,41846.0
322,47125.0,171417.0,185533.0,159996.0,926.0,4467.0,161167.0,983.0,3615.0,43499.0,45871.0
324,5125.0,171567.0,163900.0,37161.0,212.0,1328.0,37542.0,215.0,1241.0,43233.0,45692.0
326,16075.0,171658.0,193400.0,7535.0,23.0,122.0,7753.0,28.0,139.0,41274.0,44312.0
327,37191.0,172117.0,189167.0,34085.0,267.0,1985.0,34051.0,397.0,1709.0,40116.0,42882.0
328,25003.0,172342.0,188300.0,42268.0,300.0,796.0,41865.0,341.0,664.0,57300.0,61872.0
329,37147.0,172400.0,176400.0,94193.0,437.0,2837.0,94372.0,415.0,2481.0,42882.0,45169.0
330,17201.0,172650.0,187833.0,145719.0,1711.0,4848.0,144795.0,2101.0,4104.0,43972.0,47404.0
331,55029.0,173117.0,189633.0,8937.0,4.0,93.0,8913.0,6.0,65.0,63882.0,66516.0
332,55055.0,173325.0,186933.0,23596.0,47.0,241.0,23437.0,52.0,181.0,47176.0,49591.0
334,39043.0,173658.0,203733.0,24572.0,74.0,925.0,24422.0,38.0,722.0,55748.0,56732.0
335,13015.0,173742.0,202800.0,4953.0,7.0,83.0,21995.0,74.0,414.0,39755.0,42734.0
337,55139.0,173850.0,186367.0,66797.0,190.0,1067.0,67080.0,187.0,1239.0,48943.0,50840.0
338,40119.0,173858.0,195833.0,51008.0,160.0,1086.0,50831.0,146.0,1248.0,39113.0,40487.0
341,12053.0,174825.0,197333.0,8373.0,50.0,332.0,8663.0,41.0,236.0,38612.0,41385.0
342,55035.0,174875.0,191633.0,69195.0,191.0,1634.0,69086.0,191.0,1927.0,49728.0,52141.0
343,21113.0,175442.0,167100.0,31188.0,47.0,758.0,31191.0,67.0,852.0,46769.0,49406.0
344,4027.0,175575.0,178400.0,98769.0,376.0,2302.0,99096.0,498.0,1927.0,35065.0,40800.0
345,37035.0,175642.0,176150.0,41040.0,165.0,1793.0,41300.0,223.0,1718.0,46184.0,49193.0
347,13097.0,175850.0,185000.0,34609.0,182.0,2013.0,34409.0,195.0,1792.0,36772.0,40264.0
348,21151.0,176442.0,189850.0,36458.0,75.0,804.0,36691.0,67.0,950.0,35969.0,39093.0
349,47179.0,176642.0,199900.0,67197.0,286.0,2390.0,67293.0,296.0,2717.0,45216.0,47940.0
350,21227.0,176692.0,187650.0,69627.0,203.0,3250.0,71861.0,247.0,3195.0,38153.0,40705.0
352,21037.0,176983.0,228133.0,16386.0,5.0,84.0,16273.0,6.0,88.0,50368.0,53445.0
354,48469.0,177125.0,183300.0,67581.0,347.0,1974.0,67407.0,311.0,1823.0,52632.0,53881.0
357,22063.0,177908.0,181300.0,6296.0,33.0,328.0,1201.0,1.0,13.0,43122.0,45620.0
358,26077.0,178592.0,195533.0,76827.0,949.0,3578.0,76411.0,1094.0,3670.0,49305.0,52403.0
360,13045.0,178908.0,192650.0,1826.0,6.0,7.0,16296.0,46.0,390.0,39725.0,42058.0
362,19113.0,180275.0,173100.0,134007.0,345.0,4470.0,134330.0,432.0,4254.0,53578.0,56592.0
364,27041.0,180558.0,200233.0,13914.0,29.0,385.0,13978.0,53.0,411.0,52139.0,56039.0
366,33005.0,180700.0,192567.0,22999.0,42.0,488.0,22707.0,38.0,395.0,53190.0,56088.0
367,22057.0,180892.0,198433.0,14587.0,81.0,515.0,14418.0,70.0,602.0,45884.0,48741.0
368,48181.0,181200.0,183033.0,43002.0,179.0,1122.0,44611.0,197.0,1095.0,44585.0,47045.0
369,21067.0,181267.0,196867.0,326070.0,967.0,9776.0,325851.0,1043.0,9357.0,51983.0,54824.0
370,27085.0,181267.0,169600.0,13960.0,31.0,236.0,13966.0,20.0,209.0,49640.0,54149.0
372,27147.0,181417.0,184900.0,25792.0,27.0,403.0,25720.0,47.0,398.0,47429.0,51703.0
373,22019.0,181475.0,182850.0,78733.0,413.0,2907.0,79077.0,409.0,2511.0,49562.0,50994.0
374,9007.0,182050.0,217000.0,45963.0,38.0,613.0,46106.0,38.0,597.0,68361.0,71291.0
375,13241.0,182342.0,210850.0,370.0,0.0,4.0,378.0,0.0,7.0,41317.0,44160.0
376,27137.0,183017.0,185050.0,85846.0,292.0,3670.0,85555.0,257.0,3224.0,48216.0,50986.0
377,45083.0,183433.0,192100.0,37754.0,448.0,2450.0,37469.0,536.0,2286.0,44151.0,46543.0
379,39025.0,183592.0,197250.0,6880.0,12.0,134.0,6872.0,11.0,172.0,57571.0,60535.0
380,12073.0,183792.0,193567.0,195104.0,1359.0,7763.0,196012.0,1516.0,5786.0,46126.0,48850.0
384,39099.0,184992.0,173333.0,10148.0,18.0,152.0,34688.0,64.0,542.0,44315.0,47729.0
386,48213.0,185367.0,207667.0,12807.0,47.0,283.0,12757.0,36.0,224.0,41161.0,43356.0
387,27049.0,185375.0,171700.0,16408.0,38.0,426.0,16304.0,41.0,489.0,54722.0,58303.0
389,29113.0,185650.0,199800.0,3298.0,4.0,48.0,718.0,0.0,0.0,41183.0,44032.0
391,4003.0,185983.0,197000.0,44310.0,116.0,987.0,42800.0,82.0,888.0,40546.0,45786.0
392,20173.0,186083.0,199250.0,390080.0,4451.0,20759.0,25229.0,29.0,472.0,54385.0,56550.0
393,31055.0,186467.0,196200.0,470481.0,2883.0,17144.0,480297.0,3032.0,15247.0,63072.0,65737.0
394,41035.0,186750.0,221500.0,22447.0,105.0,741.0,22693.0,135.0,670.0,40457.0,44513.0
395,29043.0,186975.0,218233.0,22235.0,29.0,209.0,22924.0,27.0,198.0,41755.0,43602.0
396,5015.0,187217.0,191100.0,5547.0,25.0,193.0,5577.0,12.0,145.0,32925.0,34692.0
398,18003.0,187558.0,225000.0,269366.0,974.0,7437.0,272270.0,1124.0,6117.0,47828.0,50327.0
399,47043.0,187842.0,190433.0,15703.0,112.0,672.0,15680.0,133.0,560.0,42900.0,44476.0
400,39151.0,188342.0,213200.0,70139.0,981.0,3712.0,70124.0,1002.0,3411.0,46384.0,49592.0
402,55127.0,189800.0,211467.0,14997.0,31.0,159.0,14952.0,37.0,146.0,51156.0,53546.0
403,21117.0,189925.0,194100.0,40350.0,188.0,1175.0,40324.0,154.0,1049.0,58917.0,62500.0
405,28121.0,190400.0,190167.0,24426.0,26.0,269.0,24545.0,24.0,179.0,45632.0,48295.0
406,21211.0,190550.0,208967.0,16531.0,21.0,294.0,16863.0,16.0,302.0,46655.0,50602.0
407,29019.0,190658.0,191433.0,125017.0,401.0,3243.0,124829.0,552.0,3326.0,49114.0,51330.0
408,13223.0,191008.0,206850.0,382.0,0.0,0.0,14280.0,37.0,194.0,39309.0,42595.0
411,47021.0,191500.0,218750.0,4708.0,12.0,264.0,4874.0,10.0,38.0,46759.0,48180.0
412,16039.0,192108.0,221550.0,14476.0,54.0,229.0,14597.0,52.0,90.0,39539.0,42033.0
413,48423.0,192400.0,189400.0,106851.0,401.0,3206.0,108139.0,472.0,3296.0,55986.0,57076.0
416,37085.0,193658.0,191200.0,9768.0,56.0,514.0,9763.0,76.0,749.0,35873.0,38280.0
417,13123.0,193958.0,198150.0,1722.0,2.0,29.0,1725.0,1.0,20.0,35979.0,37542.0
418,48055.0,194050.0,215033.0,14079.0,2.0,154.0,14297.0,17.0,178.0,36243.0,38734.0
420,19013.0,194825.0,197067.0,67723.0,306.0,1682.0,67200.0,419.0,1718.0,46103.0,49133.0
421,16053.0,194925.0,201167.0,11921.0,42.0,157.0,12120.0,70.0,185.0,38003.0,42332.0
422,23023.0,195358.0,198500.0,8309.0,4.0,136.0,8322.0,4.0,94.0,52383.0,55965.0
424,29037.0,195617.0,203400.0,23657.0,67.0,730.0,23698.0,57.0,564.0,48541.0,50654.0
425,47009.0,195717.0,205150.0,29415.0,44.0,463.0,30006.0,64.0,324.0,45831.0,48601.0
426,21029.0,195992.0,210900.0,14855.0,8.0,102.0,14964.0,8.0,114.0,43110.0,46618.0
428,26005.0,196242.0,198700.0,5038.0,10.0,47.0,5023.0,12.0,19.0,46185.0,50091.0
429,18105.0,196517.0,204567.0,6731.0,10.0,85.0,86347.0,480.0,2079.0,44014.0,46693.0
430,27027.0,196925.0,201700.0,4491.0,6.0,275.0,44132.0,189.0,1303.0,43630.0,47522.0
431,41061.0,197233.0,197667.0,13294.0,14.0,321.0,13674.0,20.0,323.0,40881.0,45242.0
433,42079.0,197500.0,222633.0,40722.0,242.0,852.0,4376.0,1.0,11.0,45938.0,50391.0
435,38101.0,198175.0,220900.0,48185.0,130.0,984.0,48108.0,155.0,800.0,56161.0,57492.0
436,21209.0,198392.0,201200.0,35106.0,41.0,999.0,35702.0,63.0,798.0,44391.0,47509.0
437,19163.0,198400.0,185700.0,102392.0,609.0,3918.0,101806.0,750.0,3996.0,55094.0,58465.0
438,37009.0,198408.0,192833.0,1311.0,2.0,70.0,1313.0,4.0,71.0,36643.0,39612.0
439,53065.0,198783.0,215533.0,2673.0,1.0,33.0,4845.0,3.0,0.0,39894.0,42740.0
440,26103.0,198817.0,202167.0,20599.0,26.0,182.0,20957.0,46.0,146.0,40284.0,44445.0
442,5119.0,199308.0,227167.0,198382.0,3009.0,12145.0,197688.0,3657.0,9602.0,52499.0,55563.0
444,13103.0,199708.0,211433.0,10260.0,21.0,144.0,10525.0,24.0,173.0,41988.0,45069.0
445,22055.0,199925.0,225567.0,126694.0,664.0,5454.0,126679.0,712.0,5725.0,49632.0,52507.0
446,39057.0,200050.0,229733.0,47672.0,33.0,1193.0,48029.0,24.0,989.0,51648.0,54645.0
447,18081.0,200150.0,210300.0,59797.0,97.0,1528.0,60460.0,62.0,1226.0,50596.0,53081.0
448,54061.0,200250.0,211067.0,31281.0,67.0,489.0,30775.0,48.0,636.0,46873.0,48802.0
449,27009.0,200317.0,193050.0,14015.0,13.0,284.0,14300.0,28.0,322.0,45690.0,49403.0
450,12001.0,200783.0,214133.0,135085.0,928.0,4712.0,135076.0,1042.0,4297.0,46636.0,49556.0
451,22033.0,201000.0,197200.0,220648.0,2066.0,11673.0,219245.0,2087.0,10580.0,53223.0,56484.0
452,27013.0,202317.0,219150.0,42955.0,110.0,1462.0,43276.0,108.0,1033.0,45586.0,49288.0
453,42043.0,204667.0,212067.0,49195.0,443.0,1069.0,49244.0,422.0,876.0,52892.0,56792.0
454,36071.0,205242.0,218400.0,27801.0,87.0,308.0,28194.0,90.0,383.0,53287.0,57688.0
455,8083.0,205558.0,182367.0,8748.0,43.0,282.0,8764.0,49.0,316.0,42988.0,46919.0
456,29099.0,205675.0,230500.0,21102.0,32.0,629.0,12085.0,49.0,199.0,43873.0,46027.0
457,13151.0,205717.0,209800.0,26277.0,72.0,731.0,27338.0,88.0,714.0,40305.0,43812.0
458,40087.0,205942.0,227600.0,10649.0,8.0,232.0,11038.0,13.0,190.0,48780.0,49683.0
459,51171.0,205958.0,210800.0,6686.0,12.0,66.0,6703.0,13.0,64.0,46333.0,49948.0
460,18019.0,206808.0,212133.0,47723.0,114.0,1341.0,8461.0,19.0,83.0,45231.0,48210.0
461,39017.0,207067.0,213600.0,62155.0,265.0,2228.0,48814.0,147.0,1170.0,49959.0,52598.0
463,22071.0,208167.0,249267.0,394498.0,4516.0,20879.0,393779.0,5215.0,17876.0,53142.0,57421.0
464,26145.0,208300.0,171450.0,47954.0,707.0,743.0,47767.0,1029.0,720.0,41659.0,45328.0
465,38035.0,208550.0,201050.0,57459.0,166.0,1422.0,56163.0,164.0,1315.0,53381.0,57659.0
466,12019.0,208608.0,221800.0,8852.0,13.0,153.0,8864.0,30.0,165.0,44818.0,47407.0
468,47105.0,210408.0,210000.0,9392.0,37.0,272.0,9404.0,65.0,268.0,51615.0,53519.0
469,20045.0,210533.0,228067.0,6414.0,13.0,61.0,6440.0,17.0,31.0,45174.0,47494.0
470,46103.0,210975.0,219467.0,76343.0,540.0,2454.0,78492.0,673.0,3137.0,53913.0,56496.0
471,47167.0,211717.0,214267.0,9510.0,12.0,67.0,9632.0,6.0,72.0,40778.0,43147.0
473,33001.0,212058.0,218233.0,16534.0,37.0,535.0,16669.0,23.0,495.0,63484.0,66919.0
474,16083.0,212108.0,201100.0,50463.0,201.0,1034.0,50872.0,259.0,892.0,41092.0,44112.0
477,48027.0,213117.0,241400.0,151832.0,583.0,3432.0,79878.0,297.0,2098.0,44088.0,46594.0
478,41019.0,213358.0,230500.0,23447.0,78.0,1345.0,23551.0,78.0,1383.0,41804.0,46342.0
479,29095.0,213750.0,204533.0,495964.0,7099.0,19124.0,499335.0,7919.0,20570.0,47718.0,50209.0
480,47047.0,213800.0,210000.0,8323.0,1.0,65.0,8558.0,6.0,60.0,57066.0,59214.0
481,19181.0,213850.0,218000.0,16235.0,115.0,316.0,16154.0,88.0,278.0,51955.0,54251.0
483,48251.0,214558.0,221900.0,48743.0,113.0,726.0,49660.0,108.0,671.0,44836.0,47654.0
486,5143.0,215633.0,221167.0,88500.0,396.0,3966.0,89252.0,517.0,4611.0,41643.0,43817.0
487,39095.0,215833.0,212600.0,273505.0,2604.0,9470.0,271237.0,2729.0,7849.0,47719.0,51024.0
488,48291.0,216033.0,251767.0,9471.0,26.0,216.0,9418.0,29.0,164.0,38540.0,40904.0
489,39055.0,216125.0,251900.0,5183.0,9.0,94.0,5160.0,5.0,84.0,71824.0,73958.0
490,40143.0,217208.0,208500.0,401700.0,3964.0,21336.0,402166.0,4555.0,20557.0,64444.0,65519.0
491,51187.0,217433.0,220667.0,15336.0,28.0,293.0,15387.0,39.0,307.0,47315.0,50504.0
492,47117.0,217775.0,220200.0,1532.0,6.0,12.0,12515.0,68.0,217.0,39833.0,42427.0
493,27059.0,217958.0,227133.0,9008.0,6.0,361.0,9302.0,5.0,373.0,45950.0,49082.0
494,18157.0,218000.0,209333.0,72585.0,352.0,2388.0,72040.0,428.0,2198.0,39533.0,41446.0
495,13297.0,218017.0,232700.0,13662.0,72.0,354.0,13761.0,103.0,513.0,42588.0,44977.0
496,16069.0,218283.0,242133.0,32931.0,42.0,955.0,32886.0,61.0,767.0,46305.0,50550.0
497,19169.0,218758.0,233300.0,68237.0,135.0,1171.0,67109.0,122.0,1189.0,44100.0,45951.0
499,48477.0,219650.0,205833.0,17375.0,93.0,361.0,18106.0,51.0,308.0,57635.0,58426.0
500,28033.0,219775.0,232333.0,55718.0,92.0,1778.0,39566.0,89.0,862.0,42575.0,45764.0
501,27095.0,219850.0,227667.0,4711.0,5.0,159.0,4728.0,9.0,174.0,43471.0,47379.0
502,16019.0,220108.0,260800.0,62088.0,172.0,940.0,63457.0,291.0,1152.0,52881.0,54601.0
503,45051.0,220742.0,230300.0,34860.0,415.0,3916.0,35658.0,492.0,3108.0,39633.0,42110.0
504,18063.0,220900.0,219900.0,35317.0,50.0,634.0,36239.0,42.0,480.0,51614.0,55169.0
505,12061.0,220933.0,241550.0,26232.0,19.0,297.0,26626.0,21.0,155.0,83241.0,84607.0
506,19103.0,221275.0,226450.0,77390.0,167.0,1252.0,75964.0,151.0,1335.0,54769.0,56573.0
507,39103.0,221642.0,246300.0,34977.0,17.0,189.0,25882.0,21.0,196.0,57630.0,60514.0
508,37001.0,221742.0,220267.0,54108.0,460.0,2490.0,55003.0,527.0,2391.0,41256.0,43973.0
511,37067.0,222692.0,236333.0,24980.0,65.0,1141.0,24835.0,81.0,1036.0,48756.0,51323.0
512,48135.0,222883.0,226250.0,123468.0,1282.0,3624.0,126288.0,1020.0,3163.0,52079.0,49887.0
513,18127.0,223008.0,231467.0,36800.0,73.0,583.0,14203.0,19.0,84.0,54814.0,57654.0
514,34037.0,223117.0,253200.0,14091.0,8.0,39.0,14086.0,15.0,28.0,64284.0,67814.0
515,42041.0,223383.0,230000.0,8994.0,13.0,144.0,5570.0,0.0,6.0,57256.0,61596.0
516,53025.0,223833.0,261600.0,8253.0,17.0,394.0,24524.0,87.0,872.0,40216.0,48468.0
517,10001.0,224433.0,258067.0,38361.0,334.0,2057.0,38428.0,329.0,1549.0,43761.0,46600.0
519,49003.0,224642.0,250833.0,19592.0,41.0,338.0,19792.0,33.0,274.0,40330.0,44131.0
520,41059.0,224683.0,251067.0,17780.0,47.0,541.0,17896.0,37.0,435.0,41267.0,46209.0
521,39089.0,224742.0,205167.0,50340.0,149.0,1676.0,50625.0,139.0,1748.0,47498.0,50810.0
522,37071.0,224758.0,257033.0,6062.0,16.0,153.0,77918.0,720.0,3172.0,41330.0,44103.0
523,38059.0,224767.0,195650.0,23012.0,85.0,660.0,23221.0,83.0,980.0,54782.0,57708.0
524,27025.0,224950.0,239133.0,10641.0,14.0,174.0,10841.0,19.0,211.0,50229.0,53140.0
525,25013.0,225342.0,247333.0,154306.0,1397.0,4005.0,153084.0,1480.0,3730.0,52905.0,57821.0
526,39173.0,225775.0,245733.0,31719.0,37.0,547.0,31621.0,14.0,436.0,48566.0,51147.0
528,55063.0,226117.0,263667.0,51591.0,122.0,1850.0,51211.0,131.0,2236.0,52166.0,54532.0
529,55113.0,226433.0,234300.0,2296.0,8.0,49.0,2307.0,14.0,43.0,47730.0,50276.0
530,16005.0,226542.0,233100.0,56514.0,233.0,1326.0,56900.0,206.0,1223.0,38595.0,41272.0
531,45035.0,226617.0,237000.0,52886.0,186.0,1662.0,53711.0,183.0,1497.0,40840.0,42662.0
532,47147.0,227017.0,227633.0,17022.0,115.0,392.0,17372.0,121.0,386.0,44732.0,46746.0
533,37101.0,227075.0,231700.0,23842.0,40.0,497.0,26087.0,38.0,597.0,41318.0,44087.0
534,40051.0,227350.0,228300.0,16395.0,71.0,451.0,16478.0,80.0,586.0,41854.0,43506.0
535,33013.0,228217.0,238267.0,43509.0,65.0,805.0,43737.0,84.0,727.0,59936.0,63839.0
538,48257.0,228475.0,237550.0,25374.0,32.0,302.0,29366.0,23.0,456.0,44220.0,47580.0
539,27109.0,228633.0,243400.0,118267.0,254.0,2225.0,120336.0,300.0,2314.0,59450.0,63100.0
540,47155.0,228808.0,276200.0,16760.0,108.0,830.0,17395.0,109.0,698.0,42321.0,44209.0
541,26139.0,229150.0,253200.0,33356.0,127.0,613.0,33228.0,132.0,527.0,49484.0,52759.0
542,16027.0,229283.0,251333.0,98208.0,306.0,1767.0,101411.0,319.0,1666.0,34640.0,37611.0
543,56037.0,229458.0,205600.0,23092.0,44.0,309.0,22615.0,58.0,307.0,55947.0,54000.0
544,37063.0,230167.0,249800.0,280282.0,2046.0,10672.0,284925.0,2447.0,10650.0,51380.0,54056.0
545,40017.0,230533.0,258267.0,28184.0,45.0,438.0,28735.0,33.0,583.0,46596.0,48267.0
546,42129.0,231258.0,232200.0,12273.0,65.0,325.0,4840.0,19.0,9.0,53750.0,57951.0
548,37087.0,232117.0,222167.0,10146.0,62.0,685.0,10174.0,54.0,758.0,41523.0,43754.0
549,55109.0,232292.0,230300.0,14074.0,19.0,381.0,14255.0,38.0,329.0,57688.0,59602.0
550,26037.0,232300.0,223000.0,7938.0,18.0,43.0,7954.0,10.0,54.0,47341.0,51053.0
551,37129.0,232408.0,248500.0,124750.0,759.0,3593.0,125794.0,791.0,3204.0,48558.0,50780.0
552,45045.0,233525.0,251100.0,69830.0,402.0,2805.0,72014.0,502.0,2929.0,49742.0,52213.0
553,41011.0,233542.0,246967.0,16471.0,76.0,795.0,16403.0,84.0,784.0,46120.0,50581.0
555,48187.0,234267.0,239567.0,42337.0,78.0,559.0,43315.0,61.0,460.0,47417.0,49405.0
558,55101.0,234808.0,229733.0,77269.0,291.0,990.0,76573.0,414.0,1381.0,50729.0,53094.0
561,53077.0,235567.0,276000.0,94168.0,420.0,2723.0,93862.0,639.0,3220.0,43910.0,49099.0
563,34007.0,235892.0,245567.0,17197.0,123.0,492.0,17206.0,109.0,416.0,54958.0,58830.0
564,40109.0,236383.0,238900.0,657890.0,4751.0,26918.0,663661.0,4818.0,25853.0,55917.0,56971.0
566,45079.0,236742.0,245600.0,133790.0,1037.0,7027.0,131777.0,991.0,5898.0,46806.0,49678.0
567,37125.0,236833.0,261333.0,16522.0,11.0,113.0,16837.0,19.0,133.0,52441.0,54514.0
568,53041.0,237192.0,260450.0,17603.0,60.0,670.0,17867.0,55.0,537.0,44091.0,47752.0
570,48265.0,237925.0,249600.0,23902.0,50.0,301.0,23912.0,65.0,244.0,54523.0,56093.0
571,38089.0,238033.0,269900.0,23428.0,52.0,446.0,23801.0,39.0,456.0,65914.0,63650.0
572,26099.0,238725.0,242900.0,134653.0,648.0,2465.0,133928.0,672.0,1938.0,47730.0,52195.0
573,45015.0,239058.0,249700.0,26941.0,55.0,345.0,28143.0,61.0,326.0,41968.0,44134.0
574,48367.0,239183.0,301300.0,32656.0,50.0,482.0,34522.0,85.0,561.0,57254.0,59929.0
576,18089.0,239967.0,244167.0,75201.0,315.0,2792.0,34774.0,48.0,472.0,45974.0,49229.0
577,16065.0,240608.0,247233.0,29109.0,6.0,121.0,29865.0,9.0,101.0,28436.0,30838.0
578,13237.0,240775.0,277350.0,6625.0,15.0,142.0,6753.0,19.0,153.0,45402.0,48498.0
579,48021.0,240908.0,245400.0,10475.0,8.0,97.0,10567.0,10.0,19.0,39953.0,42177.0
580,22005.0,241325.0,259333.0,10940.0,61.0,933.0,11092.0,73.0,1086.0,51516.0,54395.0
581,18059.0,241367.0,265233.0,22800.0,21.0,304.0,23273.0,33.0,280.0,52151.0,55084.0
583,38017.0,241667.0,213000.0,127423.0,574.0,3978.0,126927.0,584.0,4403.0,59415.0,61899.0
584,33009.0,241850.0,298000.0,13661.0,16.0,299.0,13709.0,20.0,201.0,63816.0,67943.0
585,34041.0,242392.0,285333.0,14228.0,30.0,304.0,14136.0,38.0,234.0,56956.0,60525.0
587,22051.0,243058.0,250033.0,66653.0,149.0,1955.0,66308.0,178.0,1781.0,51950.0,55373.0
588,54037.0,243733.0,303333.0,6171.0,9.0,75.0,6123.0,9.0,54.0,52345.0,54836.0
589,16045.0,243975.0,268133.0,6950.0,25.0,73.0,7114.0,33.0,61.0,39663.0,42561.0
590,6015.0,244233.0,257150.0,6716.0,23.0,311.0,6706.0,77.0,279.0,36092.0,40192.0
592,25027.0,245225.0,252100.0,184945.0,1165.0,3792.0,184850.0,1169.0,3695.0,58196.0,63286.0
594,37069.0,245567.0,244100.0,3549.0,23.0,149.0,3641.0,30.0,117.0,36826.0,39490.0
595,53045.0,245642.0,273150.0,10432.0,53.0,583.0,10749.0,49.0,517.0,42663.0,45901.0
596,37077.0,245858.0,228300.0,8851.0,91.0,231.0,8934.0,91.0,216.0,40359.0,42807.0
597,29165.0,247367.0,255533.0,7143.0,6.0,133.0,7369.0,13.0,143.0,58794.0,60698.0
598,51137.0,247833.0,248233.0,5092.0,15.0,81.0,5140.0,15.0,84.0,50587.0,53217.0
599,12015.0,247867.0,256150.0,20458.0,18.0,278.0,20766.0,14.0,272.0,43549.0,45606.0
600,48221.0,248042.0,266250.0,10752.0,26.0,444.0,11080.0,14.0,482.0,52977.0,55132.0
601,27171.0,248175.0,283533.0,16421.0,16.0,268.0,16550.0,12.0,227.0,52035.0,55218.0
602,44007.0,248308.0,255933.0,179762.0,892.0,5413.0,179603.0,873.0,4337.0,49258.0,53844.0
604,6107.0,248525.0,252750.0,134961.0,586.0,3900.0,135733.0,555.0,3077.0,40040.0,46348.0
606,19049.0,249042.0,244833.0,24255.0,15.0,184.0,25590.0,23.0,237.0,67878.0,70851.0
607,6031.0,249925.0,260700.0,57232.0,257.0,1242.0,58075.0,321.0,1119.0,36442.0,41829.0
608,27141.0,250042.0,248650.0,25081.0,15.0,403.0,25467.0,24.0,444.0,47802.0,50710.0
609,6005.0,250583.0,266500.0,8454.0,11.0,46.0,8674.0,13.0,44.0,43979.0,47721.0
610,41065.0,250908.0,290800.0,15752.0,28.0,491.0,15849.0,48.0,590.0,43397.0,48643.0
611,51019.0,251108.0,272900.0,6588.0,9.0,198.0,6601.0,5.0,69.0,46857.0,49457.0
612,41013.0,251142.0,280767.0,10479.0,38.0,223.0,10919.0,33.0,198.0,42981.0,46179.0
613,47149.0,251975.0,263100.0,145929.0,611.0,4228.0,151769.0,740.0,3772.0,43095.0,45374.0
614,32007.0,252342.0,268433.0,20601.0,69.0,530.0,20697.0,99.0,609.0,47785.0,50429.0
615,13073.0,253175.0,267200.0,14918.0,22.0,168.0,15650.0,38.0,109.0,51534.0,54420.0
617,12105.0,254075.0,242933.0,112237.0,350.0,3230.0,113876.0,404.0,2813.0,37183.0,39760.0
618,13077.0,254250.0,238850.0,40720.0,222.0,1090.0,42658.0,532.0,837.0,49042.0,52106.0
620,55009.0,254658.0,256300.0,104992.0,529.0,1724.0,104649.0,552.0,1600.0,53516.0,56093.0
621,27131.0,254767.0,243200.0,23913.0,61.0,470.0,23958.0,61.0,465.0,44816.0,47839.0
623,8085.0,254783.0,278767.0,19564.0,40.0,689.0,19864.0,37.0,630.0,41922.0,45262.0
624,4017.0,254900.0,259900.0,11401.0,59.0,332.0,11527.0,75.0,313.0,32007.0,36169.0
625,28089.0,255917.0,268733.0,25862.0,10.0,269.0,24080.0,73.0,527.0,65334.0,68381.0
626,26065.0,256075.0,255133.0,118953.0,1313.0,3355.0,118651.0,1699.0,3565.0,41298.0,44957.0
627,26049.0,256675.0,268833.0,95212.0,1284.0,1986.0,94842.0,996.0,1614.0,41940.0,46152.0
629,48167.0,256900.0,266400.0,109401.0,121.0,1487.0,110518.0,127.0,1493.0,56611.0,57941.0
630,48309.0,257175.0,263567.0,139870.0,799.0,4599.0,140870.0,905.0,4854.0,42699.0,45772.0
632,24047.0,257700.0,277233.0,12264.0,8.0,72.0,11710.0,2.0,65.0,56536.0,59881.0
633,45063.0,259017.0,245833.0,22160.0,72.0,632.0,22592.0,47.0,493.0,47789.0,50188.0
635,36029.0,259517.0,249150.0,255686.0,2533.0,8298.0,254627.0,2592.0,7844.0,52264.0,56748.0
636,39045.0,259742.0,263433.0,40622.0,110.0,1540.0,40700.0,101.0,1212.0,47809.0,51153.0
637,55015.0,260025.0,280400.0,3774.0,2.0,32.0,3851.0,6.0,48.0,53076.0,55460.0
638,37175.0,260883.0,288850.0,7928.0,18.0,188.0,7954.0,13.0,133.0,43065.0,44747.0
639,6025.0,261658.0,279133.0,44303.0,143.0,1184.0,44238.0,158.0,1003.0,37196.0,44500.0
641,51047.0,263033.0,289133.0,18873.0,32.0,340.0,19131.0,38.0,318.0,47386.0,50509.0
642,18141.0,263258.0,284100.0,101944.0,1357.0,4296.0,102119.0,1765.0,3741.0,48244.0,51141.0
643,29047.0,263433.0,254133.0,27553.0,89.0,725.0,27719.0,130.0,666.0,49277.0,51619.0
644,5007.0,264500.0,272500.0,69168.0,330.0,1968.0,70194.0,274.0,1822.0,94108.0,94289.0
645,26127.0,264558.0,270150.0,2089.0,17.0,131.0,2064.0,10.0,140.0,38890.0,43261.0
646,36079.0,264842.0,258800.0,2345.0,0.0,5.0,2329.0,2.0,9.0,69542.0,73152.0
647,22103.0,265433.0,301833.0,27768.0,75.0,791.0,27669.0,77.0,878.0,68914.0,70190.0
648,38015.0,266992.0,284350.0,74705.0,228.0,2079.0,74997.0,260.0,2471.0,61147.0,62801.0
649,26055.0,267300.0,253567.0,15772.0,66.0,231.0,15855.0,85.0,211.0,52631.0,56861.0
650,6021.0,267517.0,293950.0,7679.0,33.0,134.0,7878.0,22.0,119.0,43247.0,52219.0
651,55059.0,267950.0,296450.0,100255.0,311.0,1582.0,100005.0,391.0,1443.0,48550.0,51229.0
652,53021.0,268025.0,277600.0,5772.0,11.0,39.0,76970.0,183.0,1351.0,39104.0,43271.0
653,12119.0,269358.0,280700.0,7310.0,48.0,250.0,7568.0,64.0,158.0,53411.0,54533.0
654,49005.0,269817.0,279300.0,52029.0,113.0,691.0,51899.0,100.0,592.0,42075.0,44947.0
656,16057.0,271008.0,308767.0,26018.0,7.0,345.0,25918.0,10.0,391.0,41442.0,43944.0
657,4007.0,271292.0,321933.0,15760.0,59.0,288.0,15869.0,100.0,332.0,39720.0,44201.0
658,39113.0,271658.0,284700.0,140427.0,1351.0,5673.0,140193.0,1523.0,5391.0,48143.0,51618.0
659,33011.0,271958.0,286467.0,112895.0,678.0,2678.0,113018.0,670.0,2560.0,62752.0,66548.0
660,12069.0,272017.0,277233.0,37818.0,79.0,678.0,39932.0,93.0,612.0,44253.0,46563.0
661,37055.0,272425.0,290750.0,7268.0,19.0,281.0,7407.0,17.0,214.0,56573.0,59240.0
662,47037.0,272583.0,293533.0,16976.0,53.0,517.0,16896.0,48.0,475.0,72602.0,71659.0
663,51109.0,272933.0,273333.0,1721.0,1.0,44.0,1753.0,0.0,31.0,43618.0,46040.0
664,55131.0,273050.0,274133.0,31638.0,67.0,512.0,31603.0,80.0,513.0,59878.0,62506.0
665,51085.0,274317.0,296633.0,7916.0,19.0,158.0,7947.0,17.0,133.0,62141.0,64704.0
666,29029.0,274317.0,319533.0,4598.0,25.0,283.0,4696.0,22.0,265.0,38767.0,40778.0
667,4015.0,274433.0,291950.0,55413.0,87.0,670.0,56243.0,105.0,790.0,34274.0,36529.0
668,41043.0,274450.0,306900.0,54993.0,70.0,1467.0,55926.0,83.0,1545.0,43971.0,48040.0
670,30049.0,275133.0,282267.0,32806.0,190.0,1400.0,33629.0,216.0,1227.0,50915.0,54040.0
671,37189.0,275433.0,265600.0,19893.0,26.0,261.0,19975.0,23.0,269.0,38652.0,40157.0
673,9009.0,275942.0,293167.0,130494.0,1168.0,4958.0,130299.0,922.0,4575.0,56710.0,60092.0
675,39165.0,276275.0,323733.0,33939.0,10.0,218.0,20720.0,30.0,282.0,62896.0,65855.0
676,21015.0,276308.0,304800.0,32848.0,55.0,1415.0,33397.0,55.0,1561.0,50183.0,53405.0
677,37141.0,276883.0,284767.0,4176.0,13.0,130.0,4182.0,14.0,137.0,39418.0,41292.0
678,48139.0,277375.0,308533.0,20096.0,17.0,333.0,39039.0,71.0,701.0,46874.0,49333.0
679,12005.0,277542.0,289200.0,37199.0,228.0,1914.0,34672.0,303.0,1453.0,46818.0,50696.0
680,23031.0,277683.0,286200.0,21545.0,92.0,578.0,21530.0,50.0,421.0,54396.0,58038.0
681,16051.0,278692.0,333600.0,4225.0,3.0,35.0,4332.0,1.0,40.0,36926.0,40288.0
682,27123.0,279817.0,287667.0,310263.0,1752.0,11208.0,309859.0,2320.0,11783.0,55442.0,58557.0
683,31153.0,280358.0,270800.0,53880.0,110.0,961.0,20512.0,27.0,284.0,52380.0,55173.0
684,26093.0,280458.0,300567.0,9637.0,32.0,76.0,9620.0,22.0,79.0,59097.0,62622.0
685,22015.0,281658.0,304100.0,69044.0,546.0,3225.0,68869.0,609.0,3201.0,45535.0,48907.0
686,39035.0,282200.0,262600.0,381829.0,5791.0,17057.0,379121.0,6281.0,15433.0,55998.0,59923.0
687,45043.0,282283.0,294300.0,8733.0,107.0,543.0,8697.0,108.0,490.0,49260.0,51775.0
688,37089.0,283250.0,316500.0,14234.0,61.0,680.0,14275.0,57.0,638.0,45680.0,47385.0
689,39133.0,283483.0,280067.0,29761.0,30.0,393.0,29732.0,27.0,452.0,45500.0,48285.0
690,49053.0,284408.0,288700.0,89160.0,181.0,1397.0,91673.0,148.0,1025.0,41869.0,43782.0
691,6089.0,284442.0,287550.0,10545.0,61.0,363.0,92895.0,513.0,2323.0,46417.0,51649.0
692,16055.0,286417.0,326550.0,52256.0,132.0,712.0,53405.0,209.0,835.0,46762.0,48953.0
693,8077.0,287108.0,315733.0,63949.0,235.0,2463.0,64149.0,348.0,2966.0,45898.0,48435.0
694,48397.0,287308.0,308150.0,46096.0,50.0,740.0,46867.0,59.0,805.0,62986.0,64943.0
695,34035.0,288275.0,313500.0,21474.0,47.0,281.0,21279.0,25.0,302.0,110466.0,112825.0
696,41033.0,288467.0,302367.0,38475.0,121.0,1235.0,38420.0,133.0,1160.0,43694.0,46913.0
697,19153.0,288608.0,317467.0,218384.0,1555.0,8933.0,215290.0,1517.0,8400.0,54049.0,57080.0
698,48039.0,289283.0,270633.0,126206.0,113.0,2071.0,126111.0,125.0,1799.0,50207.0,51812.0
699,51093.0,289333.0,319900.0,8485.0,17.0,150.0,8518.0,14.0,100.0,55930.0,59285.0
701,41057.0,290450.0,304667.0,1415.0,6.0,24.0,5392.0,13.0,208.0,44607.0,48060.0
703,41053.0,291400.0,290867.0,16983.0,48.0,326.0,17265.0,32.0,381.0,42718.0,45660.0
704,37097.0,291508.0,314133.0,38967.0,65.0,1050.0,39692.0,80.0,972.0,53465.0,56201.0
705,48497.0,292333.0,266933.0,7116.0,8.0,247.0,7220.0,12.0,306.0,45745.0,48435.0
707,47165.0,293000.0,321133.0,58388.0,100.0,652.0,58901.0,95.0,585.0,50947.0,52403.0
709,53075.0,293208.0,309933.0,34585.0,42.0,273.0,1084.0,0.0,0.0,40682.0,44628.0
710,12113.0,293642.0,304467.0,10460.0,20.0,187.0,10728.0,9.0,127.0,46784.0,49472.0
711,12111.0,295025.0,314800.0,199433.0,293.0,1696.0,206450.0,264.0,1666.0,41457.0,43970.0
712,39093.0,295500.0,291067.0,64022.0,289.0,1437.0,63831.0,323.0,1510.0,47989.0,51157.0
714,4021.0,296650.0,309500.0,58366.0,274.0,1336.0,59822.0,338.0,1200.0,32699.0,35949.0
715,33017.0,296683.0,294867.0,31950.0,25.0,347.0,32480.0,24.0,315.0,52598.0,56104.0
716,37025.0,296817.0,309433.0,96138.0,117.0,1586.0,98411.0,118.0,1375.0,46826.0,49679.0
717,47119.0,299050.0,326467.0,43303.0,53.0,381.0,45765.0,75.0,389.0,44739.0,47100.0
719,13057.0,300450.0,303650.0,33470.0,39.0,438.0,34252.0,61.0,333.0,53774.0,56278.0
720,39097.0,301083.0,359267.0,10320.0,26.0,216.0,10378.0,12.0,141.0,42296.0,46679.0
721,4019.0,301450.0,309550.0,548374.0,3775.0,17943.0,550448.0,3843.0,19931.0,44649.0,48373.0
722,29183.0,301583.0,353300.0,89611.0,114.0,1015.0,89698.0,109.0,1020.0,55138.0,56879.0
723,12035.0,301625.0,249733.0,5157.0,3.0,41.0,5195.0,6.0,42.0,48754.0,50599.0
725,37021.0,302650.0,339933.0,93641.0,695.0,5923.0,93980.0,761.0,5395.0,50804.0,53309.0
727,32019.0,303450.0,317700.0,3185.0,6.0,5.0,3256.0,1.0,1.0,40313.0,44098.0
728,41007.0,303517.0,324000.0,10040.0,75.0,336.0,10076.0,60.0,318.0,45743.0,48777.0
729,27003.0,304433.0,344733.0,66260.0,61.0,1586.0,66588.0,83.0,1457.0,52722.0,55694.0
730,53037.0,305825.0,317700.0,21324.0,45.0,652.0,21448.0,53.0,583.0,42445.0,45267.0
731,6101.0,305833.0,320850.0,67164.0,241.0,1823.0,67165.0,242.0,1850.0,45054.0,50730.0
733,13067.0,307767.0,326967.0,61324.0,262.0,1930.0,61348.0,301.0,1802.0,60383.0,63214.0
734,30081.0,307933.0,321767.0,4879.0,18.0,148.0,4970.0,17.0,147.0,47253.0,49860.0
735,12117.0,308058.0,324100.0,60844.0,497.0,2127.0,62342.0,511.0,1396.0,51620.0,53403.0
736,41041.0,308267.0,330867.0,10772.0,37.0,279.0,10950.0,26.0,302.0,44689.0,47231.0
737,12109.0,308317.0,348067.0,14778.0,107.0,440.0,15705.0,76.0,457.0,71577.0,73944.0
739,34001.0,308517.0,306533.0,37593.0,323.0,1738.0,37550.0,309.0,1013.0,51247.0,55802.0
740,53007.0,308900.0,335850.0,34513.0,62.0,638.0,34525.0,67.0,570.0,55520.0,60518.0
741,6109.0,309575.0,303133.0,4867.0,26.0,269.0,4860.0,39.0,253.0,46166.0,49708.0
742,13157.0,309992.0,290800.0,12297.0,8.0,128.0,13758.0,13.0,155.0,42927.0,45099.0
744,6039.0,310442.0,318767.0,66250.0,334.0,1301.0,66351.0,310.0,1141.0,38751.0,44532.0
745,6047.0,310750.0,310950.0,83854.0,540.0,2342.0,84197.0,672.0,1949.0,37952.0,43914.0
746,6115.0,310967.0,291500.0,12572.0,116.0,541.0,12519.0,141.0,463.0,41384.0,46373.0
747,6033.0,312183.0,300867.0,15400.0,119.0,460.0,15268.0,127.0,382.0,42144.0,47144.0
748,25005.0,313275.0,327233.0,94613.0,628.0,2127.0,94886.0,596.0,1684.0,55411.0,61031.0
750,23005.0,314275.0,334533.0,66458.0,161.0,1715.0,66229.0,129.0,1143.0,64361.0,68237.0
751,21185.0,315600.0,330767.0,9080.0,10.0,157.0,9142.0,14.0,165.0,66583.0,68986.0
752,41039.0,317083.0,348400.0,173183.0,675.0,6184.0,174513.0,681.0,6980.0,45960.0,49583.0
753,30063.0,317400.0,341550.0,75422.0,310.0,3082.0,76468.0,376.0,2745.0,51738.0,54353.0
754,25015.0,321050.0,286233.0,39603.0,99.0,173.0,40061.0,62.0,104.0,53816.0,57030.0
755,8007.0,321050.0,331067.0,2044.0,5.0,44.0,2127.0,8.0,41.0,43253.0,46287.0
756,47189.0,321183.0,325100.0,37359.0,59.0,523.0,38685.0,71.0,636.0,51689.0,53628.0
757,13113.0,321667.0,363400.0,7451.0,5.0,66.0,36421.0,16.0,388.0,68696.0,71384.0
758,32003.0,322333.0,333233.0,317732.0,543.0,5554.0,328056.0,682.0,4679.0,49225.0,51244.0
759,49045.0,322367.0,347900.0,35719.0,73.0,860.0,36527.0,107.0,815.0,37978.0,41301.0
760,48491.0,323183.0,313800.0,132747.0,165.0,2235.0,137593.0,185.0,2282.0,53713.0,56693.0
762,37037.0,324167.0,346550.0,8237.0,67.0,325.0,8267.0,57.0,326.0,64978.0,66766.0
765,12095.0,327567.0,334233.0,292120.0,2157.0,14100.0,293363.0,2524.0,11158.0,46645.0,49390.0
767,34015.0,329467.0,298400.0,20082.0,31.0,303.0,20461.0,45.0,267.0,56853.0,60386.0
768,6019.0,330492.0,342367.0,114170.0,243.0,2276.0,535472.0,3560.0,16475.0,43019.0,48495.0
769,53029.0,330533.0,351450.0,23554.0,31.0,134.0,23721.0,25.0,96.0,55908.0,59200.0
770,41047.0,330550.0,353133.0,175867.0,670.0,6488.0,176632.0,698.0,6698.0,44464.0,48135.0
771,55079.0,332142.0,379700.0,590923.0,7874.0,15097.0,589105.0,9407.0,16074.0,48107.0,51002.0
772,39153.0,332342.0,375667.0,197882.0,1782.0,6568.0,197433.0,1797.0,6971.0,53580.0,56821.0
774,39061.0,334325.0,364067.0,303335.0,2562.0,13051.0,304724.0,2721.0,11224.0,61458.0,65035.0
775,8049.0,335792.0,425967.0,2133.0,0.0,25.0,2174.0,1.0,27.0,53867.0,57476.0
776,47065.0,336550.0,386500.0,181848.0,1946.0,10106.0,184211.0,2504.0,11709.0,53075.0,55911.0
777,55025.0,337167.0,348267.0,261270.0,940.0,6464.0,262736.0,842.0,7301.0,63683.0,66094.0
778,37081.0,337800.0,380700.0,298025.0,2440.0,10994.0,299887.0,2704.0,10830.0,47013.0,49856.0
779,13135.0,338875.0,352167.0,21331.0,39.0,393.0,29946.0,50.0,414.0,43573.0,46886.0
782,53017.0,340017.0,344200.0,14293.0,8.0,192.0,14336.0,12.0,228.0,40798.0,45305.0
783,53067.0,340233.0,361050.0,53286.0,254.0,1854.0,53826.0,83.0,1386.0,52010.0,56007.0
784,48339.0,340517.0,364900.0,6587.0,27.0,156.0,94451.0,175.0,2336.0,64853.0,65516.0
785,53005.0,341817.0,351467.0,84072.0,253.0,2487.0,85526.0,215.0,2836.0,48285.0,51757.0
786,6023.0,342692.0,357250.0,26973.0,195.0,1350.0,26656.0,182.0,1041.0,46072.0,50182.0
787,37019.0,343850.0,372333.0,8244.0,15.0,135.0,8581.0,16.0,162.0,45128.0,46829.0
788,51043.0,344592.0,313200.0,4363.0,1.0,33.0,4393.0,2.0,40.0,66713.0,69117.0
789,45091.0,346192.0,330500.0,75342.0,498.0,2521.0,23966.0,32.0,231.0,48729.0,51772.0
790,37183.0,347267.0,350100.0,477828.0,1222.0,8520.0,482264.0,1891.0,9745.0,62657.0,65450.0
792,12031.0,349517.0,362800.0,909142.0,5886.0,30088.0,920508.0,6424.0,26432.0,48096.0,51131.0
793,12057.0,350692.0,357350.0,400501.0,1622.0,6523.0,407350.0,2119.0,5561.0,48586.0,51848.0
794,12089.0,351342.0,364200.0,12710.0,25.0,152.0,13383.0,17.0,121.0,62700.0,64746.0
795,41009.0,351392.0,357133.0,13900.0,41.0,139.0,13818.0,35.0,191.0,45379.0,48749.0
796,18057.0,351567.0,369500.0,95506.0,51.0,734.0,103100.0,51.0,605.0,78343.0,80426.0
797,12097.0,352900.0,397600.0,75544.0,368.0,1899.0,74337.0,318.0,1707.0,36258.0,39210.0
798,53009.0,354242.0,361000.0,20207.0,117.0,719.0,20364.0,140.0,579.0,46524.0,49718.0
799,48493.0,355417.0,334700.0,7970.0,19.0,147.0,8247.0,19.0,98.0,48249.0,49745.0
800,53063.0,355650.0,413300.0,220432.0,1520.0,13048.0,223524.0,1341.0,11514.0,46902.0,50038.0
801,26161.0,355783.0,348367.0,122893.0,309.0,2124.0,120647.0,294.0,1592.0,61101.0,63655.0
803,27139.0,356925.0,368333.0,41892.0,81.0,745.0,33020.0,33.0,406.0,62916.0,65655.0
806,25023.0,359500.0,394900.0,95287.0,782.0,1853.0,99171.0,752.0,1659.0,68792.0,74034.0
807,41071.0,359508.0,396567.0,34935.0,69.0,758.0,35040.0,95.0,782.0,47151.0,51028.0
808,37179.0,360842.0,368200.0,35630.0,332.0,1881.0,35836.0,364.0,1736.0,54534.0,56820.0
809,36091.0,361542.0,384233.0,28186.0,64.0,448.0,28397.0,53.0,449.0,72219.0,77398.0
810,47157.0,361650.0,359333.0,650410.0,12367.0,39860.0,650937.0,15310.0,36197.0,50468.0,53855.0
811,37119.0,361700.0,362400.0,58512.0,79.0,948.0,59470.0,99.0,881.0,62846.0,65244.0
812,24033.0,361725.0,370833.0,59093.0,59.0,896.0,59008.0,61.0,548.0,49947.0,54195.0
813,34025.0,362617.0,315350.0,30352.0,109.0,625.0,30175.0,92.0,560.0,82270.0,86091.0
814,27037.0,363500.0,395733.0,67206.0,45.0,564.0,61445.0,150.0,1560.0,61977.0,64748.0
816,48259.0,364700.0,392300.0,18135.0,23.0,340.0,19342.0,31.0,272.0,83573.0,84853.0
817,48157.0,364883.0,362533.0,75747.0,107.0,811.0,119671.0,68.0,1277.0,61061.0,61791.0
818,53015.0,368592.0,389233.0,38282.0,101.0,1102.0,38629.0,99.0,1196.0,45124.0,48232.0
820,26081.0,368850.0,406150.0,201799.0,1286.0,3850.0,202513.0,1443.0,3956.0,53799.0,57397.0
821,48209.0,369567.0,408267.0,66279.0,241.0,1530.0,67432.0,283.0,1419.0,47854.0,50212.0
822,8119.0,369717.0,372367.0,7863.0,11.0,111.0,7969.0,13.0,100.0,51337.0,54587.0
823,4025.0,369775.0,410550.0,46700.0,93.0,474.0,47459.0,80.0,374.0,41076.0,44490.0
824,12127.0,370533.0,344700.0,69834.0,794.0,2833.0,70084.0,725.0,2145.0,44427.0,46475.0
826,25001.0,372517.0,409600.0,44032.0,178.0,425.0,44169.0,188.0,350.0,75339.0,80420.0
827,12091.0,373325.0,389767.0,25152.0,96.0,644.0,25787.0,93.0,602.0,51341.0,54630.0
828,26163.0,375158.0,379900.0,663502.0,13040.0,28550.0,659616.0,14370.0,21178.0,44308.0,48788.0
829,45013.0,375767.0,384900.0,24812.0,46.0,220.0,27549.0,25.0,199.0,59377.0,61298.0
830,12131.0,376233.0,399133.0,6940.0,29.0,188.0,7200.0,32.0,182.0,66036.0,69862.0
831,12085.0,377042.0,362067.0,16424.0,53.0,402.0,16347.0,45.0,355.0,87423.0,89185.0
832,47093.0,377358.0,367867.0,188666.0,1259.0,8207.0,188672.0,1528.0,7977.0,52422.0,54642.0
834,6099.0,379142.0,401800.0,216542.0,1758.0,7183.0,216560.0,1603.0,5340.0,43402.0,48954.0
835,34023.0,379967.0,378000.0,55995.0,262.0,1111.0,55701.0,285.0,964.0,62665.0,66640.0
836,34031.0,380150.0,367000.0,144866.0,1219.0,3132.0,144947.0,1433.0,2160.0,51203.0,55775.0
837,37135.0,380667.0,369133.0,61457.0,58.0,926.0,64853.0,93.0,1140.0,65530.0,67089.0
838,6007.0,381483.0,391950.0,95826.0,557.0,2406.0,105355.0,540.0,2113.0,45175.0,50279.0
840,13121.0,384592.0,403100.0,110760.0,143.0,1972.0,111219.0,164.0,1539.0,92961.0,95683.0
841,27019.0,387350.0,386567.0,27143.0,16.0,253.0,27353.0,11.0,258.0,73023.0,75677.0
843,8123.0,390617.0,446000.0,109255.0,386.0,2542.0,110505.0,470.0,2722.0,48923.0,52054.0
845,49057.0,391850.0,371400.0,87875.0,384.0,3211.0,88309.0,446.0,2915.0,43477.0,46675.0
846,6027.0,392675.0,377400.0,3731.0,34.0,183.0,3733.0,26.0,133.0,60229.0,64335.0
847,8067.0,395658.0,439267.0,19271.0,75.0,611.0,19220.0,68.0,957.0,57722.0,61304.0
848,10003.0,397742.0,433367.0,70624.0,1058.0,3150.0,70100.0,1115.0,2598.0,57404.0,59955.0
849,16085.0,398367.0,392867.0,3541.0,13.0,51.0,3677.0,10.0,55.0,50329.0,52298.0
850,49011.0,399242.0,373700.0,78585.0,129.0,1558.0,79240.0,142.0,1409.0,48778.0,51852.0
851,18011.0,399417.0,421433.0,27630.0,4.0,78.0,28824.0,14.0,86.0,77641.0,80314.0
852,12009.0,404075.0,461200.0,115520.0,396.0,1981.0,116897.0,328.0,1770.0,48539.0,51507.0
853,6029.0,405100.0,419733.0,388080.0,1766.0,16074.0,388265.0,2007.0,15619.0,39559.0,44721.0
854,26125.0,407192.0,386133.0,84688.0,67.0,1042.0,84441.0,86.0,732.0,73468.0,76941.0
855,55089.0,408958.0,412067.0,24548.0,14.0,176.0,24527.0,12.0,205.0,85526.0,87395.0
856,12101.0,410475.0,423750.0,16703.0,132.0,505.0,16954.0,117.0,434.0,42495.0,45461.0
857,53073.0,410758.0,430800.0,91906.0,251.0,2689.0,93629.0,240.0,4306.0,49868.0,52787.0
858,48091.0,412417.0,392167.0,88706.0,219.0,1120.0,94751.0,219.0,1230.0,61124.0,62994.0
859,39041.0,414317.0,400450.0,40616.0,60.0,477.0,42064.0,57.0,367.0,76131.0,79382.0
860,8001.0,416825.0,443533.0,380600.0,2799.0,11106.0,385720.0,3473.0,13079.0,45026.0,48115.0
861,41051.0,421017.0,436700.0,662114.0,3606.0,34452.0,662941.0,3465.0,31416.0,59402.0,63852.0
863,8031.0,423350.0,438233.0,728941.0,5459.0,27288.0,737709.0,6329.0,34294.0,83192.0,85411.0
865,53031.0,427167.0,490700.0,9780.0,41.0,172.0,9914.0,19.0,206.0,53765.0,56585.0
867,8015.0,428883.0,406900.0,6061.0,5.0,184.0,6183.0,10.0,220.0,48991.0,51361.0
868,51061.0,429558.0,442933.0,9977.0,14.0,109.0,10073.0,11.0,135.0,71927.0,74801.0
871,12099.0,435400.0,505467.0,112798.0,859.0,4231.0,113268.0,863.0,3862.0,85213.0,87478.0
873,30029.0,440267.0,498267.0,24473.0,102.0,821.0,25125.0,78.0,597.0,50144.0,52740.0
874,8005.0,443733.0,459400.0,48831.0,43.0,1372.0,112104.0,144.0,1979.0,63741.0,66691.0
875,41027.0,444692.0,453200.0,7876.0,13.0,229.0,7863.0,12.0,277.0,55609.0,60225.0
878,21111.0,447067.0,479433.0,28015.0,31.0,596.0,27700.0,29.0,706.0,54293.0,57863.0
879,48029.0,447242.0,470167.0,1559166.0,11046.0,67422.0,1573189.0,11569.0,57057.0,46569.0,48569.0
880,55133.0,447375.0,429067.0,72718.0,67.0,690.0,72421.0,123.0,595.0,73883.0,75958.0
882,48121.0,448667.0,456100.0,141492.0,331.0,2665.0,110800.0,324.0,1949.0,60535.0,63283.0
883,27053.0,450458.0,451467.0,431016.0,3990.0,19469.0,435116.0,5025.0,19833.0,76131.0,79183.0
884,48085.0,455467.0,486400.0,291611.0,431.0,4908.0,290786.0,452.0,4784.0,69451.0,71246.0
885,13051.0,456242.0,449200.0,24917.0,45.0,628.0,26634.0,36.0,537.0,48545.0,51805.0
886,9001.0,456658.0,472150.0,144908.0,843.0,2465.0,144350.0,829.0,2514.0,118515.0,120244.0
887,53057.0,457817.0,452150.0,36274.0,55.0,1140.0,36513.0,70.0,1109.0,53221.0,57315.0
888,33015.0,462950.0,476933.0,21951.0,28.0,359.0,22032.0,25.0,294.0,78153.0,80220.0
889,25021.0,466217.0,470667.0,94113.0,375.0,1146.0,94519.0,303.0,1146.0,93470.0,98019.0
891,10005.0,475167.0,596033.0,11592.0,84.0,585.0,11994.0,78.0,494.0,52935.0,54352.0
892,41067.0,476825.0,501900.0,110549.0,274.0,2164.0,111146.0,257.0,2147.0,63425.0,66831.0
893,8014.0,477567.0,461667.0,70798.0,75.0,2046.0,71795.0,76.0,2145.0,65397.0,67495.0
894,16001.0,478075.0,535933.0,231314.0,649.0,3653.0,231223.0,677.0,3793.0,54506.0,57215.0
897,27163.0,480925.0,430700.0,72527.0,45.0,1264.0,74110.0,71.0,1522.0,69495.0,72273.0
899,49035.0,486575.0,502750.0,202426.0,1442.0,11452.0,202187.0,1865.0,14865.0,55481.0,59077.0
900,8039.0,487850.0,524033.0,1424.0,2.0,15.0,1591.0,1.0,15.0,60702.0,63970.0
901,20091.0,488275.0,504267.0,141371.0,290.0,1604.0,198036.0,411.0,3906.0,78670.0,80681.0
902,53011.0,488900.0,509733.0,185034.0,889.0,5998.0,186440.0,884.0,6709.0,54930.0,57863.0
903,39049.0,489983.0,564700.0,906120.0,4561.0,29974.0,911383.0,5064.0,28530.0,51467.0,55294.0
905,4005.0,502858.0,548567.0,75013.0,367.0,2371.0,7546.0,97.0,267.0,48837.0,53036.0
906,8107.0,503308.0,544533.0,1992.0,1.0,30.0,13345.0,20.0,176.0,82153.0,85836.0
907,6051.0,506508.0,481333.0,8114.0,42.0,131.0,8236.0,21.0,96.0,49356.0,54586.0
908,6077.0,507592.0,508150.0,313604.0,4380.0,12367.0,314981.0,4023.0,9391.0,45075.0,51816.0
911,12103.0,522725.0,434600.0,267696.0,1594.0,8592.0,267690.0,1772.0,6841.0,56002.0,59178.0
912,53053.0,523400.0,541550.0,218650.0,1848.0,11415.0,220123.0,1856.0,12123.0,52496.0,56532.0
913,12021.0,526142.0,496100.0,22369.0,11.0,323.0,22388.0,21.0,276.0,103205.0,103865.0
914,13089.0,535450.0,572033.0,54734.0,212.0,1338.0,56248.0,222.0,1412.0,52950.0,56428.0
916,51107.0,541683.0,563300.0,55461.0,102.0,570.0,55070.0,122.0,535.0,80535.0,84374.0
918,1073.0,543808.0,561867.0,85670.0,114.0,1922.0,3660.0,6.0,20.0,56599.0,58424.0
920,6067.0,547900.0,551250.0,513934.0,3223.0,16354.0,519050.0,3547.0,14248.0,53278.0,58307.0
921,25009.0,549817.0,535133.0,94449.0,465.0,1347.0,94223.0,418.0,910.0,68854.0,74519.0
922,34027.0,553017.0,531000.0,19153.0,41.0,170.0,19337.0,30.0,141.0,99140.0,102227.0
923,49049.0,556367.0,541100.0,117189.0,135.0,1767.0,98902.0,106.0,2033.0,43611.0,46465.0
924,34029.0,562342.0,545400.0,18684.0,15.0,116.0,18842.0,25.0,116.0,53517.0,57344.0
925,36061.0,566125.0,571200.0,8379043.0,47821.0,122299.0,8300377.0,47959.0,129361.0,187213.0,191220.0
927,6065.0,571525.0,589133.0,333260.0,1686.0,9790.0,334370.0,1491.0,9980.0,41385.0,45834.0
928,6069.0,580017.0,566800.0,40399.0,114.0,311.0,41438.0,131.0,393.0,52806.0,60807.0
929,41005.0,591133.0,655567.0,39888.0,24.0,481.0,40171.0,27.0,659.0,61375.0,64791.0
930,12115.0,596558.0,568700.0,70181.0,95.0,967.0,72389.0,117.0,743.0,69004.0,70884.0
931,53061.0,597883.0,646550.0,112302.0,341.0,3991.0,112439.0,379.0,3654.0,57900.0,62267.0
932,8041.0,598767.0,726567.0,479648.0,2806.0,17587.0,485083.0,2896.0,16394.0,50845.0,54151.0
933,48453.0,601233.0,570467.0,986062.0,3953.0,36588.0,1000276.0,4671.0,36322.0,71633.0,74032.0
934,8035.0,617417.0,612467.0,67208.0,30.0,962.0,71150.0,45.0,1183.0,76408.0,78980.0
935,6095.0,619567.0,626733.0,122657.0,1037.0,4941.0,122326.0,1212.0,4078.0,51889.0,58688.0
937,12087.0,629375.0,682000.0,24554.0,96.0,734.0,24060.0,106.0,450.0,104370.0,106583.0
938,6071.0,633942.0,669500.0,216715.0,2858.0,9081.0,216553.0,666.0,2504.0,40537.0,44831.0
939,25025.0,639817.0,667300.0,53654.0,173.0,653.0,697323.0,4354.0,13015.0,84307.0,90571.0
940,8059.0,640708.0,687300.0,122312.0,266.0,3642.0,159719.0,903.0,8050.0,66183.0,68829.0
941,6057.0,640725.0,673300.0,16611.0,31.0,114.0,16800.0,20.0,109.0,60689.0,64876.0
942,12086.0,646225.0,678467.0,480505.0,2850.0,17624.0,476102.0,2645.0,13092.0,54316.0,57213.0
943,12081.0,660950.0,622733.0,58782.0,360.0,1474.0,60688.0,306.0,1322.0,50108.0,52395.0
944,6113.0,666100.0,679150.0,69767.0,107.0,2190.0,69853.0,98.0,2452.0,54398.0,58391.0
945,6055.0,675683.0,644800.0,79526.0,280.0,1232.0,78237.0,267.0,1320.0,73886.0,82408.0
946,6017.0,677958.0,673433.0,22116.0,111.0,449.0,22286.0,111.0,427.0,68125.0,72662.0
947,34039.0,681192.0,685967.0,128753.0,926.0,3898.0,129518.0,774.0,2897.0,68867.0,72543.0
949,8045.0,682767.0,782600.0,10027.0,27.0,469.0,9976.0,39.0,382.0,60376.0,62581.0
950,47187.0,686125.0,720333.0,83517.0,138.0,926.0,85722.0,195.0,792.0,95520.0,94748.0
951,6079.0,695425.0,715500.0,47735.0,192.0,1738.0,47722.0,207.0,1620.0,58693.0,62342.0
953,34017.0,718617.0,709833.0,266508.0,1393.0,5074.0,263273.0,1167.0,3940.0,67570.0,71682.0
954,34021.0,721542.0,631900.0,83457.0,937.0,1748.0,82909.0,969.0,1733.0,70675.0,74218.0
955,12011.0,721917.0,791133.0,184765.0,1098.0,9082.0,184347.0,1158.0,7662.0,52864.0,55908.0
956,8013.0,725458.0,757700.0,108519.0,278.0,3284.0,106598.0,343.0,4019.0,77305.0,79649.0
957,48439.0,733858.0,796833.0,915237.0,4068.0,24605.0,929509.0,5029.0,25405.0,53375.0,55615.0
958,48201.0,749875.0,652667.0,2355606.0,25257.0,101750.0,2346155.0,29474.0,98043.0,59207.0,60183.0
959,45019.0,750325.0,789200.0,138254.0,516.0,3124.0,139582.0,650.0,3218.0,64486.0,66656.0
960,6111.0,751583.0,767467.0,211349.0,724.0,4242.0,210064.0,743.0,4323.0,63190.0,67422.0
961,34009.0,767917.0,807767.0,10962.0,6.0,323.0,10893.0,8.0,334.0,63203.0,67836.0
962,12071.0,773725.0,683933.0,194183.0,226.0,2176.0,199503.0,255.0,2130.0,52832.0,54707.0
963,36119.0,776300.0,882133.0,200075.0,708.0,1826.0,200816.0,653.0,1990.0,112037.0,115386.0
964,32031.0,796008.0,835400.0,254349.0,1419.0,5344.0,259168.0,1460.0,5564.0,62994.0,66076.0
965,8117.0,802108.0,722467.0,5079.0,16.0,189.0,5021.0,0.0,103.0,73435.0,77754.0
966,6061.0,804950.0,787850.0,141744.0,259.0,3154.0,144128.0,277.0,2843.0,67610.0,72279.0
967,34003.0,813742.0,764433.0,44505.0,103.0,594.0,44264.0,54.0,573.0,88241.0,91972.0
968,53035.0,819558.0,819350.0,41675.0,168.0,1358.0,41817.0,143.0,1342.0,57197.0,60704.0
969,49043.0,834300.0,835850.0,8620.0,54.0,276.0,8632.0,26.0,246.0,152310.0,156537.0
970,6097.0,838242.0,889800.0,177884.0,857.0,2874.0,176932.0,913.0,2838.0,64869.0,71386.0
972,6087.0,885383.0,896800.0,65263.0,389.0,2932.0,65073.0,309.0,2237.0,68990.0,75957.0
974,24031.0,999883.0,1088833.0,17893.0,71.0,409.0,17831.0,61.0,469.0,86221.0,89552.0
976,25017.0,1024508.0,988267.0,119908.0,334.0,1983.0,119938.0,341.0,2200.0,86525.0,90688.0
977,6083.0,1074292.0,1178000.0,91717.0,400.0,2118.0,108140.0,834.0,2472.0,62715.0,67879.0
979,6001.0,1199117.0,1133550.0,434036.0,5520.0,27868.0,437923.0,5653.0,22622.0,78839.0,87078.0
980,34013.0,1278925.0,1537733.0,281422.0,1742.0,4618.0,282242.0,1492.0,4567.0,65927.0,70497.0
981,48113.0,1288933.0,1364000.0,1363295.0,11764.0,45279.0,1363028.0,11514.0,46974.0,63591.0,65401.0
982,6053.0,1316708.0,1441267.0,156943.0,782.0,3532.0,155984.0,866.0,3481.0,56545.0,61510.0
983,6075.0,1338958.0,1356450.0,886007.0,5933.0,48780.0,881514.0,4796.0,38737.0,133856.0,144818.0
984,53033.0,1438275.0,1257067.0,763706.0,4471.0,34333.0,771517.0,4832.0,37593.0,92026.0,96647.0
985,4013.0,1471650.0,1596633.0,1688722.0,11803.0,55974.0,1708960.0,13646.0,51089.0,49663.0,53521.0
986,36059.0,1476417.0,1397750.0,33552.0,19.0,66.0,33461.0,13.0,46.0,92159.0,96253.0
987,6041.0,1492575.0,1669200.0,58819.0,230.0,1686.0,58512.0,229.0,1912.0,138903.0,145575.0
988,6013.0,1755617.0,1735933.0,130615.0,541.0,4560.0,130074.0,423.0,3783.0,84614.0,92264.0
989,6059.0,1974967.0,1927267.0,353915.0,1120.0,8258.0,351913.0,1241.0,8865.0,69951.0,74618.0
990,6081.0,2050058.0,1791967.0,107748.0,232.0,1868.0,106855.0,192.0,1460.0,132133.0,141841.0
991,6037.0,2236442.0,2342400.0,4015546.0,29400.0,95704.0,4000587.0,28882.0,85932.0,63043.0,68272.0
992,6073.0,2408475.0,2186550.0,1441737.0,5215.0,27141.0,1437608.0,5303.0,24321.0,60845.0,66266.0
993,6085.0,2997442.0,2689000.0,1040008.0,4559.0,25164.0,1029542.0,4375.0,23847.0,114649.0,123661.0
